date_key,full_date,day_of_week,day_name,day_of_month,day_of_year,month_number,month_name,quarter_number,year_number,is_weekend
20240101,2024-01-01,1,Monday,1,1,1,January,1,2024,False
20240102,2024-01-02,2,Tuesday,2,2,1,January,1,2024,False
20240103,2024-01-03,3,Wednesday,3,3,1,January,1,2024,False
20240104,2024-01-04,4,Thursday,4,4,1,January,1,2024,False
20240105,2024-01-05,5,Friday,5,5,1,January,1,2024,False
20240106,2024-01-06,6,Saturday,6,6,1,January,1,2024,True
20240107,2024-01-07,0,Sunday,7,7,1,January,1,2024,True
20240108,2024-01-08,1,Monday,8,8,1,January,1,2024,False
20240109,2024-01-09,2,Tuesday,9,9,1,January,1,2024,False
20240110,2024-01-10,3,Wednesday,10,10,1,January,1,2024,False
20240111,2024-01-11,4,Thursday,11,11,1,January,1,2024,False
20240112,2024-01-12,5,Friday,12,12,1,January,1,2024,False
20240113,2024-01-13,6,Saturday,13,13,1,January,1,2024,True
20240114,2024-01-14,0,Sunday,14,14,1,January,1,2024,True
20240115,2024-01-15,1,Monday,15,15,1,January,1,2024,False
20240116,2024-01-16,2,Tuesday,16,16,1,January,1,2024,False
20240117,2024-01-17,3,Wednesday,17,17,1,January,1,2024,False
20240118,2024-01-18,4,Thursday,18,18,1,January,1,2024,False
20240119,2024-01-19,5,Friday,19,19,1,January,1,2024,False
20240120,2024-01-20,6,Saturday,20,20,1,January,1,2024,True
20240121,2024-01-21,0,Sunday,21,21,1,January,1,2024,True
20240122,2024-01-22,1,Monday,22,22,1,January,1,2024,False
20240123,2024-01-23,2,Tuesday,23,23,1,January,1,2024,False
20240124,2024-01-24,3,Wednesday,24,24,1,January,1,2024,False
20240125,2024-01-25,4,Thursday,25,25,1,January,1,2024,False
20240126,2024-01-26,5,Friday,26,26,1,January,1,2024,False
20240127,2024-01-27,6,Saturday,27,27,1,January,1,2024,True
20240128,2024-01-28,0,Sunday,28,28,1,January,1,2024,True
20240129,2024-01-29,1,Monday,29,29,1,January,1,2024,False
20240130,2024-01-30,2,Tuesday,30,30,1,January,1,2024,False
20240131,2024-01-31,3,Wednesday,31,31,1,January,1,2024,False
20240201,2024-02-01,4,Thursday,1,32,2,February,1,2024,False
20240202,2024-02-02,5,Friday,2,33,2,February,1,2024,False
20240203,2024-02-03,6,Saturday,3,34,2,February,1,2024,True
20240204,2024-02-04,0,Sunday,4,35,2,February,1,2024,True
20240205,2024-02-05,1,Monday,5,36,2,February,1,2024,False
20240206,2024-02-06,2,Tuesday,6,37,2,February,1,2024,False
20240207,2024-02-07,3,Wednesday,7,38,2,February,1,2024,False
20240208,2024-02-08,4,Thursday,8,39,2,February,1,2024,False
20240209,2024-02-09,5,Friday,9,40,2,February,1,2024,False
20240210,2024-02-10,6,Saturday,10,41,2,February,1,2024,True
20240211,2024-02-11,0,Sunday,11,42,2,February,1,2024,True
20240212,2024-02-12,1,Monday,12,43,2,February,1,2024,False
20240213,2024-02-13,2,Tuesday,13,44,2,February,1,2024,False
20240214,2024-02-14,3,Wednesday,14,45,2,February,1,2024,False
20240215,2024-02-15,4,Thursday,15,46,2,February,1,2024,False
20240216,2024-02-16,5,Friday,16,47,2,February,1,2024,False
20240217,2024-02-17,6,Saturday,17,48,2,February,1,2024,True
20240218,2024-02-18,0,Sunday,18,49,2,February,1,2024,True
20240219,2024-02-19,1,Monday,19,50,2,February,1,2024,False
20240220,2024-02-20,2,Tuesday,20,51,2,February,1,2024,False
20240221,2024-02-21,3,Wednesday,21,52,2,February,1,2024,False
20240222,2024-02-22,4,Thursday,22,53,2,February,1,2024,False
20240223,2024-02-23,5,Friday,23,54,2,February,1,2024,False
20240224,2024-02-24,6,Saturday,24,55,2,February,1,2024,True
20240225,2024-02-25,0,Sunday,25,56,2,February,1,2024,True
20240226,2024-02-26,1,Monday,26,57,2,February,1,2024,False
20240227,2024-02-27,2,Tuesday,27,58,2,February,1,2024,False
20240228,2024-02-28,3,Wednesday,28,59,2,February,1,2024,False
20240229,2024-02-29,4,Thursday,29,60,2,February,1,2024,False
20240301,2024-03-01,5,Friday,1,61,3,March,1,2024,False
20240302,2024-03-02,6,Saturday,2,62,3,March,1,2024,True
20240303,2024-03-03,0,Sunday,3,63,3,March,1,2024,True
20240304,2024-03-04,1,Monday,4,64,3,March,1,2024,False
20240305,2024-03-05,2,Tuesday,5,65,3,March,1,2024,False
20240306,2024-03-06,3,Wednesday,6,66,3,March,1,2024,False
20240307,2024-03-07,4,Thursday,7,67,3,March,1,2024,False
20240308,2024-03-08,5,Friday,8,68,3,March,1,2024,False
20240309,2024-03-09,6,Saturday,9,69,3,March,1,2024,True
20240310,2024-03-10,0,Sunday,10,70,3,March,1,2024,True
20240311,2024-03-11,1,Monday,11,71,3,March,1,2024,False
20240312,2024-03-12,2,Tuesday,12,72,3,March,1,2024,False
20240313,2024-03-13,3,Wednesday,13,73,3,March,1,2024,False
20240314,2024-03-14,4,Thursday,14,74,3,March,1,2024,False
20240315,2024-03-15,5,Friday,15,75,3,March,1,2024,False
20240316,2024-03-16,6,Saturday,16,76,3,March,1,2024,True
20240317,2024-03-17,0,Sunday,17,77,3,March,1,2024,True
20240318,2024-03-18,1,Monday,18,78,3,March,1,2024,False
20240319,2024-03-19,2,Tuesday,19,79,3,March,1,2024,False
20240320,2024-03-20,3,Wednesday,20,80,3,March,1,2024,False
20240321,2024-03-21,4,Thursday,21,81,3,March,1,2024,False
20240322,2024-03-22,5,Friday,22,82,3,March,1,2024,False
20240323,2024-03-23,6,Saturday,23,83,3,March,1,2024,True
20240324,2024-03-24,0,Sunday,24,84,3,March,1,2024,True
20240325,2024-03-25,1,Monday,25,85,3,March,1,2024,False
20240326,2024-03-26,2,Tuesday,26,86,3,March,1,2024,False
20240327,2024-03-27,3,Wednesday,27,87,3,March,1,2024,False
20240328,2024-03-28,4,Thursday,28,88,3,March,1,2024,False
20240329,2024-03-29,5,Friday,29,89,3,March,1,2024,False
20240330,2024-03-30,6,Saturday,30,90,3,March,1,2024,True
20240331,2024-03-31,0,Sunday,31,91,3,March,1,2024,True
20240401,2024-04-01,1,Monday,1,92,4,April,2,2024,False
20240402,2024-04-02,2,Tuesday,2,93,4,April,2,2024,False
20240403,2024-04-03,3,Wednesday,3,94,4,April,2,2024,False
20240404,2024-04-04,4,Thursday,4,95,4,April,2,2024,False
20240405,2024-04-05,5,Friday,5,96,4,April,2,2024,False
20240406,2024-04-06,6,Saturday,6,97,4,April,2,2024,True
20240407,2024-04-07,0,Sunday,7,98,4,April,2,2024,True
20240408,2024-04-08,1,Monday,8,99,4,April,2,2024,False
20240409,2024-04-09,2,Tuesday,9,100,4,April,2,2024,False
20240410,2024-04-10,3,Wednesday,10,101,4,April,2,2024,False
20240411,2024-04-11,4,Thursday,11,102,4,April,2,2024,False
20240412,2024-04-12,5,Friday,12,103,4,April,2,2024,False
20240413,2024-04-13,6,Saturday,13,104,4,April,2,2024,True
20240414,2024-04-14,0,Sunday,14,105,4,April,2,2024,True
20240415,2024-04-15,1,Monday,15,106,4,April,2,2024,False
20240416,2024-04-16,2,Tuesday,16,107,4,April,2,2024,False
20240417,2024-04-17,3,Wednesday,17,108,4,April,2,2024,False
20240418,2024-04-18,4,Thursday,18,109,4,April,2,2024,False
20240419,2024-04-19,5,Friday,19,110,4,April,2,2024,False
20240420,2024-04-20,6,Saturday,20,111,4,April,2,2024,True
20240421,2024-04-21,0,Sunday,21,112,4,April,2,2024,True
20240422,2024-04-22,1,Monday,22,113,4,April,2,2024,False
20240423,2024-04-23,2,Tuesday,23,114,4,April,2,2024,False
20240424,2024-04-24,3,Wednesday,24,115,4,April,2,2024,False
20240425,2024-04-25,4,Thursday,25,116,4,April,2,2024,False
20240426,2024-04-26,5,Friday,26,117,4,April,2,2024,False
20240427,2024-04-27,6,Saturday,27,118,4,April,2,2024,True
20240428,2024-04-28,0,Sunday,28,119,4,April,2,2024,True
20240429,2024-04-29,1,Monday,29,120,4,April,2,2024,False
20240430,2024-04-30,2,Tuesday,30,121,4,April,2,2024,False
20240501,2024-05-01,3,Wednesday,1,122,5,May,2,2024,False
20240502,2024-05-02,4,Thursday,2,123,5,May,2,2024,False
20240503,2024-05-03,5,Friday,3,124,5,May,2,2024,False
20240504,2024-05-04,6,Saturday,4,125,5,May,2,2024,True
20240505,2024-05-05,0,Sunday,5,126,5,May,2,2024,True
20240506,2024-05-06,1,Monday,6,127,5,May,2,2024,False
20240507,2024-05-07,2,Tuesday,7,128,5,May,2,2024,False
20240508,2024-05-08,3,Wednesday,8,129,5,May,2,2024,False
20240509,2024-05-09,4,Thursday,9,130,5,May,2,2024,False
20240510,2024-05-10,5,Friday,10,131,5,May,2,2024,False
20240511,2024-05-11,6,Saturday,11,132,5,May,2,2024,True
20240512,2024-05-12,0,Sunday,12,133,5,May,2,2024,True
20240513,2024-05-13,1,Monday,13,134,5,May,2,2024,False
20240514,2024-05-14,2,Tuesday,14,135,5,May,2,2024,False
20240515,2024-05-15,3,Wednesday,15,136,5,May,2,2024,False
20240516,2024-05-16,4,Thursday,16,137,5,May,2,2024,False
20240517,2024-05-17,5,Friday,17,138,5,May,2,2024,False
20240518,2024-05-18,6,Saturday,18,139,5,May,2,2024,True
20240519,2024-05-19,0,Sunday,19,140,5,May,2,2024,True
20240520,2024-05-20,1,Monday,20,141,5,May,2,2024,False
20240521,2024-05-21,2,Tuesday,21,142,5,May,2,2024,False
20240522,2024-05-22,3,Wednesday,22,143,5,May,2,2024,False
20240523,2024-05-23,4,Thursday,23,144,5,May,2,2024,False
20240524,2024-05-24,5,Friday,24,145,5,May,2,2024,False
20240525,2024-05-25,6,Saturday,25,146,5,May,2,2024,True
20240526,2024-05-26,0,Sunday,26,147,5,May,2,2024,True
20240527,2024-05-27,1,Monday,27,148,5,May,2,2024,False
20240528,2024-05-28,2,Tuesday,28,149,5,May,2,2024,False
20240529,2024-05-29,3,Wednesday,29,150,5,May,2,2024,False
20240530,2024-05-30,4,Thursday,30,151,5,May,2,2024,False
20240531,2024-05-31,5,Friday,31,152,5,May,2,2024,False
20240601,2024-06-01,6,Saturday,1,153,6,June,2,2024,True
20240602,2024-06-02,0,Sunday,2,154,6,June,2,2024,True
20240603,2024-06-03,1,Monday,3,155,6,June,2,2024,False
20240604,2024-06-04,2,Tuesday,4,156,6,June,2,2024,False
20240605,2024-06-05,3,Wednesday,5,157,6,June,2,2024,False
20240606,2024-06-06,4,Thursday,6,158,6,June,2,2024,False
20240607,2024-06-07,5,Friday,7,159,6,June,2,2024,False
20240608,2024-06-08,6,Saturday,8,160,6,June,2,2024,True
20240609,2024-06-09,0,Sunday,9,161,6,June,2,2024,True
20240610,2024-06-10,1,Monday,10,162,6,June,2,2024,False
20240611,2024-06-11,2,Tuesday,11,163,6,June,2,2024,False
20240612,2024-06-12,3,Wednesday,12,164,6,June,2,2024,False
20240613,2024-06-13,4,Thursday,13,165,6,June,2,2024,False
20240614,2024-06-14,5,Friday,14,166,6,June,2,2024,False
20240615,2024-06-15,6,Saturday,15,167,6,June,2,2024,True
20240616,2024-06-16,0,Sunday,16,168,6,June,2,2024,True
20240617,2024-06-17,1,Monday,17,169,6,June,2,2024,False
20240618,2024-06-18,2,Tuesday,18,170,6,June,2,2024,False
20240619,2024-06-19,3,Wednesday,19,171,6,June,2,2024,False
20240620,2024-06-20,4,Thursday,20,172,6,June,2,2024,False
20240621,2024-06-21,5,Friday,21,173,6,June,2,2024,False
20240622,2024-06-22,6,Saturday,22,174,6,June,2,2024,True
20240623,2024-06-23,0,Sunday,23,175,6,June,2,2024,True
20240624,2024-06-24,1,Monday,24,176,6,June,2,2024,False
20240625,2024-06-25,2,Tuesday,25,177,6,June,2,2024,False
20240626,2024-06-26,3,Wednesday,26,178,6,June,2,2024,False
20240627,2024-06-27,4,Thursday,27,179,6,June,2,2024,False
20240628,2024-06-28,5,Friday,28,180,6,June,2,2024,False
20240629,2024-06-29,6,Saturday,29,181,6,June,2,2024,True
20240630,2024-06-30,0,Sunday,30,182,6,June,2,2024,True
20240701,2024-07-01,1,Monday,1,183,7,July,3,2024,False
20240702,2024-07-02,2,Tuesday,2,184,7,July,3,2024,False
20240703,2024-07-03,3,Wednesday,3,185,7,July,3,2024,False
20240704,2024-07-04,4,Thursday,4,186,7,July,3,2024,False
20240705,2024-07-05,5,Friday,5,187,7,July,3,2024,False
20240706,2024-07-06,6,Saturday,6,188,7,July,3,2024,True
20240707,2024-07-07,0,Sunday,7,189,7,July,3,2024,True
20240708,2024-07-08,1,Monday,8,190,7,July,3,2024,False
20240709,2024-07-09,2,Tuesday,9,191,7,July,3,2024,False
20240710,2024-07-10,3,Wednesday,10,192,7,July,3,2024,False
20240711,2024-07-11,4,Thursday,11,193,7,July,3,2024,False
20240712,2024-07-12,5,Friday,12,194,7,July,3,2024,False
20240713,2024-07-13,6,Saturday,13,195,7,July,3,2024,True
20240714,2024-07-14,0,Sunday,14,196,7,July,3,2024,True
20240715,2024-07-15,1,Monday,15,197,7,July,3,2024,False
20240716,2024-07-16,2,Tuesday,16,198,7,July,3,2024,False
20240717,2024-07-17,3,Wednesday,17,199,7,July,3,2024,False
20240718,2024-07-18,4,Thursday,18,200,7,July,3,2024,False
20240719,2024-07-19,5,Friday,19,201,7,July,3,2024,False
20240720,2024-07-20,6,Saturday,20,202,7,July,3,2024,True
20240721,2024-07-21,0,Sunday,21,203,7,July,3,2024,True
20240722,2024-07-22,1,Monday,22,204,7,July,3,2024,False
20240723,2024-07-23,2,Tuesday,23,205,7,July,3,2024,False
20240724,2024-07-24,3,Wednesday,24,206,7,July,3,2024,False
20240725,2024-07-25,4,Thursday,25,207,7,July,3,2024,False
20240726,2024-07-26,5,Friday,26,208,7,July,3,2024,False
20240727,2024-07-27,6,Saturday,27,209,7,July,3,2024,True
20240728,2024-07-28,0,Sunday,28,210,7,July,3,2024,True
20240729,2024-07-29,1,Monday,29,211,7,July,3,2024,False
20240730,2024-07-30,2,Tuesday,30,212,7,July,3,2024,False
20240731,2024-07-31,3,Wednesday,31,213,7,July,3,2024,False
20240801,2024-08-01,4,Thursday,1,214,8,August,3,2024,False
20240802,2024-08-02,5,Friday,2,215,8,August,3,2024,False
20240803,2024-08-03,6,Saturday,3,216,8,August,3,2024,True
20240804,2024-08-04,0,Sunday,4,217,8,August,3,2024,True
20240805,2024-08-05,1,Monday,5,218,8,August,3,2024,False
20240806,2024-08-06,2,Tuesday,6,219,8,August,3,2024,False
20240807,2024-08-07,3,Wednesday,7,220,8,August,3,2024,False
20240808,2024-08-08,4,Thursday,8,221,8,August,3,2024,False
20240809,2024-08-09,5,Friday,9,222,8,August,3,2024,False
20240810,2024-08-10,6,Saturday,10,223,8,August,3,2024,True
20240811,2024-08-11,0,Sunday,11,224,8,August,3,2024,True
20240812,2024-08-12,1,Monday,12,225,8,August,3,2024,False
20240813,2024-08-13,2,Tuesday,13,226,8,August,3,2024,False
20240814,2024-08-14,3,Wednesday,14,227,8,August,3,2024,False
20240815,2024-08-15,4,Thursday,15,228,8,August,3,2024,False
20240816,2024-08-16,5,Friday,16,229,8,August,3,2024,False
20240817,2024-08-17,6,Saturday,17,230,8,August,3,2024,True
20240818,2024-08-18,0,Sunday,18,231,8,August,3,2024,True
20240819,2024-08-19,1,Monday,19,232,8,August,3,2024,False
20240820,2024-08-20,2,Tuesday,20,233,8,August,3,2024,False
20240821,2024-08-21,3,Wednesday,21,234,8,August,3,2024,False
20240822,2024-08-22,4,Thursday,22,235,8,August,3,2024,False
20240823,2024-08-23,5,Friday,23,236,8,August,3,2024,False
20240824,2024-08-24,6,Saturday,24,237,8,August,3,2024,True
20240825,2024-08-25,0,Sunday,25,238,8,August,3,2024,True
20240826,2024-08-26,1,Monday,26,239,8,August,3,2024,False
20240827,2024-08-27,2,Tuesday,27,240,8,August,3,2024,False
20240828,2024-08-28,3,Wednesday,28,241,8,August,3,2024,False
20240829,2024-08-29,4,Thursday,29,242,8,August,3,2024,False
20240830,2024-08-30,5,Friday,30,243,8,August,3,2024,False
20240831,2024-08-31,6,Saturday,31,244,8,August,3,2024,True
20240901,2024-09-01,0,Sunday,1,245,9,September,3,2024,True
20240902,2024-09-02,1,Monday,2,246,9,September,3,2024,False
20240903,2024-09-03,2,Tuesday,3,247,9,September,3,2024,False
20240904,2024-09-04,3,Wednesday,4,248,9,September,3,2024,False
20240905,2024-09-05,4,Thursday,5,249,9,September,3,2024,False
20240906,2024-09-06,5,Friday,6,250,9,September,3,2024,False
20240907,2024-09-07,6,Saturday,7,251,9,September,3,2024,True
20240908,2024-09-08,0,Sunday,8,252,9,September,3,2024,True
20240909,2024-09-09,1,Monday,9,253,9,September,3,2024,False
20240910,2024-09-10,2,Tuesday,10,254,9,September,3,2024,False
20240911,2024-09-11,3,Wednesday,11,255,9,September,3,2024,False
20240912,2024-09-12,4,Thursday,12,256,9,September,3,2024,False
20240913,2024-09-13,5,Friday,13,257,9,September,3,2024,False
20240914,2024-09-14,6,Saturday,14,258,9,September,3,2024,True
20240915,2024-09-15,0,Sunday,15,259,9,September,3,2024,True
20240916,2024-09-16,1,Monday,16,260,9,September,3,2024,False
20240917,2024-09-17,2,Tuesday,17,261,9,September,3,2024,False
20240918,2024-09-18,3,Wednesday,18,262,9,September,3,2024,False
20240919,2024-09-19,4,Thursday,19,263,9,September,3,2024,False
20240920,2024-09-20,5,Friday,20,264,9,September,3,2024,False
20240921,2024-09-21,6,Saturday,21,265,9,September,3,2024,True
20240922,2024-09-22,0,Sunday,22,266,9,September,3,2024,True
20240923,2024-09-23,1,Monday,23,267,9,September,3,2024,False
20240924,2024-09-24,2,Tuesday,24,268,9,September,3,2024,False
20240925,2024-09-25,3,Wednesday,25,269,9,September,3,2024,False
20240926,2024-09-26,4,Thursday,26,270,9,September,3,2024,False
20240927,2024-09-27,5,Friday,27,271,9,September,3,2024,False
20240928,2024-09-28,6,Saturday,28,272,9,September,3,2024,True
20240929,2024-09-29,0,Sunday,29,273,9,September,3,2024,True
20240930,2024-09-30,1,Monday,30,274,9,September,3,2024,False
20241001,2024-10-01,2,Tuesday,1,275,10,October,4,2024,False
20241002,2024-10-02,3,Wednesday,2,276,10,October,4,2024,False
20241003,2024-10-03,4,Thursday,3,277,10,October,4,2024,False
20241004,2024-10-04,5,Friday,4,278,10,October,4,2024,False
20241005,2024-10-05,6,Saturday,5,279,10,October,4,2024,True
20241006,2024-10-06,0,Sunday,6,280,10,October,4,2024,True
20241007,2024-10-07,1,Monday,7,281,10,October,4,2024,False
20241008,2024-10-08,2,Tuesday,8,282,10,October,4,2024,False
20241009,2024-10-09,3,Wednesday,9,283,10,October,4,2024,False
20241010,2024-10-10,4,Thursday,10,284,10,October,4,2024,False
20241011,2024-10-11,5,Friday,11,285,10,October,4,2024,False
20241012,2024-10-12,6,Saturday,12,286,10,October,4,2024,True
20241013,2024-10-13,0,Sunday,13,287,10,October,4,2024,True
20241014,2024-10-14,1,Monday,14,288,10,October,4,2024,False
20241015,2024-10-15,2,Tuesday,15,289,10,October,4,2024,False
20241016,2024-10-16,3,Wednesday,16,290,10,October,4,2024,False
20241017,2024-10-17,4,Thursday,17,291,10,October,4,2024,False
20241018,2024-10-18,5,Friday,18,292,10,October,4,2024,False
20241019,2024-10-19,6,Saturday,19,293,10,October,4,2024,True
20241020,2024-10-20,0,Sunday,20,294,10,October,4,2024,True
20241021,2024-10-21,1,Monday,21,295,10,October,4,2024,False
20241022,2024-10-22,2,Tuesday,22,296,10,October,4,2024,False
20241023,2024-10-23,3,Wednesday,23,297,10,October,4,2024,False
20241024,2024-10-24,4,Thursday,24,298,10,October,4,2024,False
20241025,2024-10-25,5,Friday,25,299,10,October,4,2024,False
20241026,2024-10-26,6,Saturday,26,300,10,October,4,2024,True
20241027,2024-10-27,0,Sunday,27,301,10,October,4,2024,True
20241028,2024-10-28,1,Monday,28,302,10,October,4,2024,False
20241029,2024-10-29,2,Tuesday,29,303,10,October,4,2024,False
20241030,2024-10-30,3,Wednesday,30,304,10,October,4,2024,False
20241031,2024-10-31,4,Thursday,31,305,10,October,4,2024,False
20241101,2024-11-01,5,Friday,1,306,11,November,4,2024,False
20241102,2024-11-02,6,Saturday,2,307,11,November,4,2024,True
20241103,2024-11-03,0,Sunday,3,308,11,November,4,2024,True
20241104,2024-11-04,1,Monday,4,309,11,November,4,2024,False
20241105,2024-11-05,2,Tuesday,5,310,11,November,4,2024,False
20241106,2024-11-06,3,Wednesday,6,311,11,November,4,2024,False
20241107,2024-11-07,4,Thursday,7,312,11,November,4,2024,False
20241108,2024-11-08,5,Friday,8,313,11,November,4,2024,False
20241109,2024-11-09,6,Saturday,9,314,11,November,4,2024,True
20241110,2024-11-10,0,Sunday,10,315,11,November,4,2024,True
20241111,2024-11-11,1,Monday,11,316,11,November,4,2024,False
20241112,2024-11-12,2,Tuesday,12,317,11,November,4,2024,False
20241113,2024-11-13,3,Wednesday,13,318,11,November,4,2024,False
20241114,2024-11-14,4,Thursday,14,319,11,November,4,2024,False
20241115,2024-11-15,5,Friday,15,320,11,November,4,2024,False
20241116,2024-11-16,6,Saturday,16,321,11,November,4,2024,True
20241117,2024-11-17,0,Sunday,17,322,11,November,4,2024,True
20241118,2024-11-18,1,Monday,18,323,11,November,4,2024,False
20241119,2024-11-19,2,Tuesday,19,324,11,November,4,2024,False
20241120,2024-11-20,3,Wednesday,20,325,11,November,4,2024,False
20241121,2024-11-21,4,Thursday,21,326,11,November,4,2024,False
20241122,2024-11-22,5,Friday,22,327,11,November,4,2024,False
20241123,2024-11-23,6,Saturday,23,328,11,November,4,2024,True
20241124,2024-11-24,0,Sunday,24,329,11,November,4,2024,True
20241125,2024-11-25,1,Monday,25,330,11,November,4,2024,False
20241126,2024-11-26,2,Tuesday,26,331,11,November,4,2024,False
20241127,2024-11-27,3,Wednesday,27,332,11,November,4,2024,False
20241128,2024-11-28,4,Thursday,28,333,11,November,4,2024,False
20241129,2024-11-29,5,Friday,29,334,11,November,4,2024,False
20241130,2024-11-30,6,Saturday,30,335,11,November,4,2024,True
20241201,2024-12-01,0,Sunday,1,336,12,December,4,2024,True
20241202,2024-12-02,1,Monday,2,337,12,December,4,2024,False
20241203,2024-12-03,2,Tuesday,3,338,12,December,4,2024,False
20241204,2024-12-04,3,Wednesday,4,339,12,December,4,2024,False
20241205,2024-12-05,4,Thursday,5,340,12,December,4,2024,False
20241206,2024-12-06,5,Friday,6,341,12,December,4,2024,False
20241207,2024-12-07,6,Saturday,7,342,12,December,4,2024,True
20241208,2024-12-08,0,Sunday,8,343,12,December,4,2024,True
20241209,2024-12-09,1,Monday,9,344,12,December,4,2024,False
20241210,2024-12-10,2,Tuesday,10,345,12,December,4,2024,False
20241211,2024-12-11,3,Wednesday,11,346,12,December,4,2024,False
20241212,2024-12-12,4,Thursday,12,347,12,December,4,2024,False
20241213,2024-12-13,5,Friday,13,348,12,December,4,2024,False
20241214,2024-12-14,6,Saturday,14,349,12,December,4,2024,True
20241215,2024-12-15,0,Sunday,15,350,12,December,4,2024,True
20241216,2024-12-16,1,Monday,16,351,12,December,4,2024,False
20241217,2024-12-17,2,Tuesday,17,352,12,December,4,2024,False
20241218,2024-12-18,3,Wednesday,18,353,12,December,4,2024,False
20241219,2024-12-19,4,Thursday,19,354,12,December,4,2024,False
20241220,2024-12-20,5,Friday,20,355,12,December,4,2024,False
20241221,2024-12-21,6,Saturday,21,356,12,December,4,2024,True
20241222,2024-12-22,0,Sunday,22,357,12,December,4,2024,True
20241223,2024-12-23,1,Monday,23,358,12,December,4,2024,False
20241224,2024-12-24,2,Tuesday,24,359,12,December,4,2024,False
20241225,2024-12-25,3,Wednesday,25,360,12,December,4,2024,False
20241226,2024-12-26,4,Thursday,26,361,12,December,4,2024,False
20241227,2024-12-27,5,Friday,27,362,12,December,4,2024,False
20241228,2024-12-28,6,Saturday,28,363,12,December,4,2024,True
20241229,2024-12-29,0,Sunday,29,364,12,December,4,2024,True
20241230,2024-12-30,1,Monday,30,365,12,December,4,2024,False
20241231,2024-12-31,2,Tuesday,31,366,12,December,4,2024,False
